Full Name,Gender,Age,Email,Phone,Salary,Subject
Rosie Brown,Female,23,r.brown@randatmail.com,450-2699-01,8595,English Language
Alexander Jones,Male,25,a.jones@randatmail.com,611-2345-66,7677,Mathematics
Emily Alexander,Female,27,e.alexander@randatmail.com,559-8757-90,6514,Science
Alfred Edwards,Male,18,a.edwards@randatmail.com,384-2451-01,4421,Mathematics
Lenny Harrison,Male,26,l.harrison@randatmail.com,086-9073-71,7370,History
Ryan Owens,Male,20,r.owens@randatmail.com,498-6594-07,6652,History
Hailey Perkins,Female,23,h.perkins@randatmail.com,791-1607-79,10000,History
Patrick Martin,Male,29,p.martin@randatmail.com,439-0833-71,7753,English Language
Maddie Turner,Female,27,m.turner@randatmail.com,434-3466-82,7842,Science
Julian Martin,Male,28,j.martin@randatmail.com,888-0063-71,1679,Mathematics
Deanna Hawkins,Female,23,d.hawkins@randatmail.com,747-4724-41,8535,Geography
Sabrina Walker,Female,24,s.walker@randatmail.com,362-5612-94,6392,Mathematics
Tyler Hall,Male,21,t.hall@randatmail.com,719-5268-00,1490,Science
Daryl Riley,Male,27,d.riley@randatmail.com,246-1305-12,9331,English Literature
Roland Henderson,Male,26,r.henderson@randatmail.com,361-0000-10,637,Geography
Sienna Bailey,Female,18,s.bailey@randatmail.com,439-0806-90,2826,English Language
Belinda Martin,Female,28,b.martin@randatmail.com,380-1905-13,3316,Mathematics
Lucia Tucker,Female,21,l.tucker@randatmail.com,114-0334-59,1394,English Literature
Lenny Jones,Male,24,l.jones@randatmail.com,638-8231-14,9211,English Literature
Sienna Montgomery,Female,19,s.montgomery@randatmail.com,731-1102-41,7997,Geography
Brianna Grant,Female,21,b.grant@randatmail.com,755-9354-60,3206,Science
Blake Andrews,Male,26,b.andrews@randatmail.com,542-9789-22,3543,History
Eric Campbell,Male,28,e.campbell@randatmail.com,009-9077-31,8667,Mathematics
Dexter Wilson,Male,20,d.wilson@randatmail.com,074-6373-63,8684,English Literature
Bruce Douglas,Male,26,b.douglas@randatmail.com,700-1391-40,10000,Geography
Kristian Sullivan,Male,18,k.sullivan@randatmail.com,941-0569-75,2581,Geography
Byron Moore,Male,26,b.moore@randatmail.com,068-9477-46,9829,English Literature
Justin Edwards,Male,27,j.edwards@randatmail.com,455-7021-70,5132,History
Audrey Bennett,Female,26,a.bennett@randatmail.com,163-2675-95,9083,History
Arthur Cameron,Male,22,a.cameron@randatmail.com,479-1351-40,2111,Mathematics
Aston Perkins,Male,27,a.perkins@randatmail.com,605-5727-82,6815,English Literature
Caroline Smith,Female,30,c.smith@randatmail.com,415-3178-03,3819,English Literature
Sofia Morrison,Female,30,s.morrison@randatmail.com,146-1015-76,9319,Science
Marcus Anderson,Male,23,m.anderson@randatmail.com,668-6395-43,5493,English Language
Sabrina Hall,Female,26,s.hall@randatmail.com,649-3342-56,2418,English Language
Tess Cole,Female,25,t.cole@randatmail.com,641-1781-13,1908,Science
Luke Parker,Male,29,l.parker@randatmail.com,216-5671-73,972,English Literature
Robert Wells,Male,22,r.wells@randatmail.com,503-1573-08,3755,Geography
Tara Dixon,Female,22,t.dixon@randatmail.com,183-9370-76,1260,History
Antony Evans,Male,24,a.evans@randatmail.com,117-4613-23,5947,English Literature
Elian Hawkins,Male,30,e.hawkins@randatmail.com,940-8361-04,3964,English Literature
Alfred Owens,Male,28,a.owens@randatmail.com,825-3589-27,8736,Geography
Carl Roberts,Male,22,c.roberts@randatmail.com,285-0791-46,3578,Mathematics
Vivian Mason,Female,24,v.mason@randatmail.com,519-0733-07,4203,Mathematics
Tiana Perry,Female,29,t.perry@randatmail.com,093-7324-18,3120,English Literature
James Barnes,Male,30,j.barnes@randatmail.com,159-9835-94,7224,Geography
Rebecca Richardson,Female,24,r.richardson@randatmail.com,309-7939-16,9753,Science
Edgar Foster,Male,19,e.foster@randatmail.com,018-1352-03,8875,English Language
Eddy Murphy,Male,18,e.murphy@randatmail.com,432-9196-67,3650,Mathematics
Ryan Roberts,Male,27,r.roberts@randatmail.com,293-8402-27,6930,English Literature
Marcus Gibson,Male,29,m.gibson@randatmail.com,560-4244-13,2295,History
Tiana Ryan,Female,26,t.ryan@randatmail.com,623-9694-65,8398,English Language
Byron Elliott,Male,25,b.elliott@randatmail.com,598-1374-23,2071,Mathematics
Dexter Miller,Male,22,d.miller@randatmail.com,258-3521-16,6773,Geography
Henry Cooper,Male,18,h.cooper@randatmail.com,658-3708-97,9956,Geography
Reid Owens,Male,19,r.owens@randatmail.com,427-3194-25,8262,Science
Dainton Phillips,Male,21,d.phillips@randatmail.com,259-3271-07,2573,History
Byron Crawford,Male,23,b.crawford@randatmail.com,543-2025-12,8507,English Language
Maria Thomas,Female,28,m.thomas@randatmail.com,050-2649-91,1174,English Language
Arianna Kelly,Female,19,a.kelly@randatmail.com,772-1758-19,9079,Science
Florrie Elliott,Female,25,f.elliott@randatmail.com,294-9304-46,9062,English Language
Amber Scott,Female,26,a.scott@randatmail.com,854-0360-56,9402,Geography
Michelle Ellis,Female,27,m.ellis@randatmail.com,037-6035-84,6975,Mathematics
John Barnes,Male,29,j.barnes@randatmail.com,780-5902-72,8060,English Language
Daryl Edwards,Male,26,d.edwards@randatmail.com,633-5768-11,5744,History
Belinda Ellis,Female,25,b.ellis@randatmail.com,282-5475-91,8044,Mathematics
Arthur Williams,Male,29,a.williams@randatmail.com,389-5814-35,2543,Mathematics
Alisa Perry,Female,20,a.perry@randatmail.com,769-9758-23,4039,English Literature
Grace Cooper,Female,27,g.cooper@randatmail.com,558-0615-57,8391,History
Kristian Andrews,Male,19,k.andrews@randatmail.com,051-6510-56,5539,Mathematics
Jenna Cooper,Female,20,j.cooper@randatmail.com,147-1964-80,5458,Mathematics
Julia Bennett,Female,21,j.bennett@randatmail.com,068-3015-07,9360,Geography
Deanna Carter,Female,21,d.carter@randatmail.com,180-9414-84,6695,English Literature
Miller Clark,Male,23,m.clark@randatmail.com,398-9035-52,1884,Science
Violet Murray,Female,20,v.murray@randatmail.com,417-7526-71,7892,English Language
Maximilian Campbell,Male,26,m.campbell@randatmail.com,395-8194-51,4412,History
Albert Rogers,Male,18,a.rogers@randatmail.com,406-1280-68,8450,Geography
Grace Allen,Female,22,g.allen@randatmail.com,450-5131-66,5417,English Language
Mary Thompson,Female,26,m.thompson@randatmail.com,624-9678-69,8645,English Literature
Haris Holmes,Male,25,h.holmes@randatmail.com,146-5563-67,1734,Science
Derek Harrison,Male,30,d.harrison@randatmail.com,500-6157-93,8665,English Literature
Miranda Ryan,Female,28,m.ryan@randatmail.com,502-8461-03,7183,Mathematics
Brad Johnson,Male,20,b.johnson@randatmail.com,697-7261-82,8062,History
Emma Morgan,Female,24,e.morgan@randatmail.com,600-1323-09,1925,English Literature
Martin Adams,Male,20,m.adams@randatmail.com,627-4219-22,2048,Science
Oscar Farrell,Male,26,o.farrell@randatmail.com,822-1685-67,679,Geography
Blake Payne,Male,20,b.payne@randatmail.com,245-1224-97,7767,English Literature
Brad Smith,Male,22,b.smith@randatmail.com,887-5866-92,2972,History
Aida Carroll,Female,23,a.carroll@randatmail.com,812-2344-35,688,History
Robert Murphy,Male,23,r.murphy@randatmail.com,856-9408-69,1752,History
Chloe Craig,Female,21,c.craig@randatmail.com,596-1939-21,8153,History
Alexander Richardson,Male,22,a.richardson@randatmail.com,193-7210-57,7917,Geography
Sam Reed,Male,23,s.reed@randatmail.com,193-8379-09,2229,History
Tara Warren,Female,28,t.warren@randatmail.com,877-4210-29,4918,Geography
Sawyer Douglas,Male,25,s.douglas@randatmail.com,909-4336-17,3923,History
Victoria Craig,Female,30,v.craig@randatmail.com,735-5614-17,2086,English Language
Harold Roberts,Male,18,h.roberts@randatmail.com,311-3603-62,9675,Mathematics
Oliver Brown,Male,18,o.brown@randatmail.com,880-6318-31,3243,Mathematics
Aiden Ferguson,Male,29,a.ferguson@randatmail.com,637-6675-88,9866,English Literature
Thomas Stewart,Male,29,t.stewart@randatmail.com,907-3217-93,9095,Geography
Ashton Alexander,Male,27,a.alexander@randatmail.com,699-9007-05,2592,English Language
Alen Farrell,Male,26,a.farrell@randatmail.com,122-1934-12,7984,Science
Briony Andrews,Female,26,b.andrews@randatmail.com,462-6041-36,3342,Geography
Jacob Evans,Male,24,j.evans@randatmail.com,249-6301-34,9849,Geography
Chester Kelly,Male,18,c.kelly@randatmail.com,505-8791-69,7741,Science
Kellan Gray,Male,20,k.gray@randatmail.com,099-9905-61,596,Science
Adison Anderson,Male,23,a.anderson@randatmail.com,875-7232-69,5194,English Language
Jasmine Perkins,Female,20,j.perkins@randatmail.com,077-4571-23,6897,English Literature
Grace Evans,Female,29,g.evans@randatmail.com,067-3886-08,2156,Mathematics
Haris Hamilton,Male,24,h.hamilton@randatmail.com,218-8177-62,2929,Mathematics
Robert Thomas,Male,28,r.thomas@randatmail.com,230-9926-53,1477,English Literature
Dominik Carroll,Male,24,d.carroll@randatmail.com,229-8893-96,7121,English Literature
Sarah Anderson,Female,30,s.anderson@randatmail.com,540-3792-33,7204,History
Fenton Moore,Male,30,f.moore@randatmail.com,779-0087-40,5974,English Literature
Charlotte Clark,Female,23,c.clark@randatmail.com,274-6029-96,3889,English Language
Alexia Tucker,Female,22,a.tucker@randatmail.com,391-4888-02,7901,English Language
Martin Douglas,Male,23,m.douglas@randatmail.com,833-7110-21,2946,English Literature
Alexander Farrell,Male,21,a.farrell@randatmail.com,943-3730-70,5955,Geography
George Hall,Male,24,g.hall@randatmail.com,434-6029-72,3489,History
Lilianna Phillips,Female,23,l.phillips@randatmail.com,469-9727-20,7641,English Language
Edgar Russell,Male,18,e.russell@randatmail.com,850-1011-39,3020,English Language
Annabella Mason,Female,18,a.mason@randatmail.com,874-8239-01,4467,Science
Freddie Thompson,Male,26,f.thompson@randatmail.com,143-5837-50,6117,English Language
Carina Roberts,Female,28,c.roberts@randatmail.com,728-0032-73,9494,English Language
Aida Foster,Female,21,a.foster@randatmail.com,848-7428-53,9376,English Language
Steven Clark,Male,25,s.clark@randatmail.com,930-2967-32,7821,English Language
Julian Riley,Male,26,j.riley@randatmail.com,598-3619-64,1945,English Language
Dominik Robinson,Male,22,d.robinson@randatmail.com,908-0831-10,961,English Language
Maximilian Robinson,Male,29,m.robinson@randatmail.com,427-4443-75,2242,History
Stella Hamilton,Female,30,s.hamilton@randatmail.com,203-9264-12,9368,Geography
Briony Gray,Female,25,b.gray@randatmail.com,511-0213-35,4241,English Language
Carl Russell,Male,21,c.russell@randatmail.com,505-5234-78,1462,Science
Marcus Chapman,Male,23,m.chapman@randatmail.com,554-5387-97,7531,English Literature
Sabrina Adams,Female,19,s.adams@randatmail.com,291-1818-38,1657,Geography
Violet Nelson,Female,28,v.nelson@randatmail.com,007-6041-76,5847,Science
Edwin Ferguson,Male,23,e.ferguson@randatmail.com,312-2863-18,8861,English Literature
Dominik Montgomery,Male,22,d.montgomery@randatmail.com,731-6939-05,9211,Mathematics
Leonardo Smith,Male,25,l.smith@randatmail.com,173-5313-67,6791,History
Dainton Smith,Male,22,d.smith@randatmail.com,926-7684-06,1129,History
Marcus Cole,Male,19,m.cole@randatmail.com,141-1224-10,3386,History
Rosie Kelly,Female,20,r.kelly@randatmail.com,423-1610-39,9865,Geography
Chelsea Casey,Female,20,c.casey@randatmail.com,438-8706-86,5320,History
Sarah Elliott,Female,24,s.elliott@randatmail.com,404-8153-09,7036,Science
Maria Cunningham,Female,18,m.cunningham@randatmail.com,455-4752-76,8457,Mathematics
Emily West,Female,28,e.west@randatmail.com,451-6986-22,4080,English Literature
Emma Higgins,Female,27,e.higgins@randatmail.com,949-9124-48,1099,Geography
Lenny Cooper,Male,25,l.cooper@randatmail.com,594-6821-43,7082,English Literature
Isabella Murphy,Female,29,i.murphy@randatmail.com,889-2754-39,3607,Mathematics
Kate Kelly,Female,28,k.kelly@randatmail.com,230-2029-46,6336,Mathematics
Richard Wells,Male,22,r.wells@randatmail.com,551-0029-77,7799,Geography
Luke Hawkins,Male,29,l.hawkins@randatmail.com,531-7352-47,4165,Mathematics
Bruce Harris,Male,27,b.harris@randatmail.com,121-9238-11,1688,English Language
Jessica Turner,Female,29,j.turner@randatmail.com,327-7063-04,732,English Literature
Eric Turner,Male,26,e.turner@randatmail.com,789-0381-68,1577,English Literature
April Howard,Female,27,a.howard@randatmail.com,761-8920-30,6918,Geography
Alexia Walker,Female,24,a.walker@randatmail.com,334-4438-48,3681,History
Nicole Harris,Female,23,n.harris@randatmail.com,325-2537-57,3630,English Language
Jordan Evans,Male,25,j.evans@randatmail.com,478-2609-65,7096,Science
Adele Morris,Female,23,a.morris@randatmail.com,746-1097-16,3444,History
Frederick Thompson,Male,30,f.thompson@randatmail.com,280-0935-59,7990,English Language
Aida Martin,Female,30,a.martin@randatmail.com,494-2369-29,8824,English Language
Lucy Richardson,Female,27,l.richardson@randatmail.com,511-7523-86,3657,Geography
Oliver Harris,Male,23,o.harris@randatmail.com,475-3467-40,8025,English Literature
Luke Adams,Male,19,l.adams@randatmail.com,577-5123-78,9170,English Literature
Jasmine Murray,Female,30,j.murray@randatmail.com,906-1146-99,8859,History
Madaline Edwards,Female,23,m.edwards@randatmail.com,971-5573-88,8580,Geography
William Sullivan,Male,28,w.sullivan@randatmail.com,004-2882-55,5442,English Literature
Miley Thompson,Female,28,m.thompson@randatmail.com,884-2730-68,3979,English Literature
Adelaide Andrews,Female,22,a.andrews@randatmail.com,193-7879-85,4871,Geography
Adelaide Montgomery,Female,29,a.montgomery@randatmail.com,116-3809-66,7323,Mathematics
Jack Montgomery,Male,28,j.montgomery@randatmail.com,188-8379-65,5861,Science
Lenny Murray,Male,25,l.murray@randatmail.com,785-1897-72,8109,English Literature
Kate Robinson,Female,23,k.robinson@randatmail.com,839-4410-34,3694,History
Haris Bennett,Male,30,h.bennett@randatmail.com,828-2271-11,5906,English Language
Justin Moore,Male,20,j.moore@randatmail.com,004-0213-30,1923,English Literature
Marcus Taylor,Male,22,m.taylor@randatmail.com,123-9536-75,2931,Science
Roman Brown,Male,22,r.brown@randatmail.com,373-6673-86,9769,English Literature
Vincent Parker,Male,19,v.parker@randatmail.com,852-5920-67,8834,History
Maddie Ryan,Female,23,m.ryan@randatmail.com,890-7260-71,7818,History
Max Payne,Male,23,m.payne@randatmail.com,169-2864-72,1267,Geography
Alisa Casey,Female,24,a.casey@randatmail.com,761-7606-77,5346,Geography
Alissa Campbell,Female,28,a.campbell@randatmail.com,116-8604-74,6173,Geography
Dale Farrell,Male,19,d.farrell@randatmail.com,947-2585-30,6384,Mathematics
Aiden Morgan,Male,26,a.morgan@randatmail.com,796-4765-17,4589,English Literature
Vincent Holmes,Male,26,v.holmes@randatmail.com,757-5547-31,7213,English Language
Preston Hill,Male,20,p.hill@randatmail.com,195-3450-46,5553,Mathematics
Maximilian Farrell,Male,19,m.farrell@randatmail.com,262-8053-26,9688,Geography
Jack Russell,Male,23,j.russell@randatmail.com,863-7433-27,8006,English Literature
Alen Phillips,Male,27,a.phillips@randatmail.com,490-6542-77,9347,Science
David Montgomery,Male,21,d.montgomery@randatmail.com,809-9377-13,6529,English Language
Aldus Wells,Male,18,a.wells@randatmail.com,706-8183-80,3668,English Language
Ted Dixon,Male,22,t.dixon@randatmail.com,126-0155-66,7468,History
Paige Ryan,Female,20,p.ryan@randatmail.com,487-1377-69,8391,Mathematics
James Perry,Male,24,j.perry@randatmail.com,727-1079-76,885,Science
Penelope Gibson,Female,26,p.gibson@randatmail.com,085-8576-26,7666,English Literature
Alfred Hunt,Male,29,a.hunt@randatmail.com,867-9907-39,3079,History
Sofia Miller,Female,19,s.miller@randatmail.com,262-0129-69,2442,History
Chloe Elliott,Female,21,c.elliott@randatmail.com,313-8786-73,7666,History
Lucia Mitchell,Female,26,l.mitchell@randatmail.com,955-9547-25,3531,Geography
Adison Kelley,Male,27,a.kelley@randatmail.com,919-9310-13,1976,English Language
Kelvin Morgan,Male,42,k.morgan@randatmail.com,785-8257-03,2223,Mathematics
Adrianna Owens,Female,42,a.owens@randatmail.com,479-5210-08,6266,English Literature
Myra Farrell,Female,45,m.farrell@randatmail.com,986-3211-31,6157,Science
Alina Robinson,Female,42,a.robinson@randatmail.com,704-5683-79,4178,English Literature
Daniel Montgomery,Male,41,d.montgomery@randatmail.com,190-6762-53,8448,Science
Spike Clark,Male,44,s.clark@randatmail.com,564-9557-54,2519,History
Charlie Taylor,Male,48,c.taylor@randatmail.com,646-9394-85,5758,English Language
Honey Rogers,Female,42,h.rogers@randatmail.com,465-5634-34,5441,English Language
James Stevens,Male,48,j.stevens@randatmail.com,004-4206-65,8943,Science
Kevin Jones,Male,44,k.jones@randatmail.com,138-4962-56,8649,English Language
Michael Richards,Male,40,m.richards@randatmail.com,768-0248-35,8944,Geography
Jacob Hawkins,Male,46,j.hawkins@randatmail.com,409-3056-89,9965,Geography
Kristian Sullivan,Male,47,k.sullivan@randatmail.com,916-6690-74,9783,English Language
Abraham Adams,Male,43,a.adams@randatmail.com,371-6601-59,2178,History
Audrey Russell,Female,42,a.russell@randatmail.com,555-5679-12,8234,Mathematics
Miley Phillips,Female,42,m.phillips@randatmail.com,862-3899-85,9672,Geography
James Murray,Male,44,j.murray@randatmail.com,905-6600-75,2488,History
Dale Chapman,Male,43,d.chapman@randatmail.com,954-6696-80,9668,Geography
Alberta Rogers,Female,50,a.rogers@randatmail.com,219-8261-98,3107,Mathematics
David Campbell,Male,49,d.campbell@randatmail.com,589-1294-81,3971,Mathematics
Victoria Williams,Female,45,v.williams@randatmail.com,742-1194-60,1436,History
Oliver Hunt,Male,43,o.hunt@randatmail.com,476-8785-84,3011,Geography
Alissa Ross,Female,44,a.ross@randatmail.com,345-2027-82,1033,English Literature
Miller Hunt,Male,41,m.hunt@randatmail.com,966-0019-68,7721,English Language
Sofia Cunningham,Female,48,s.cunningham@randatmail.com,461-5702-64,4312,Science
Clark Adams,Male,48,c.adams@randatmail.com,327-2724-31,3043,History
Jordan West,Male,48,j.west@randatmail.com,157-9422-95,2019,English Language
Leonardo Phillips,Male,44,l.phillips@randatmail.com,238-3336-51,4916,History
Arthur Johnson,Male,41,a.johnson@randatmail.com,942-6607-43,1823,Geography
Ryan Ellis,Male,44,r.ellis@randatmail.com,029-5552-85,643,English Language
Eric Andrews,Male,49,e.andrews@randatmail.com,263-7421-01,932,Geography
Catherine Campbell,Female,47,c.campbell@randatmail.com,462-8146-18,8429,Mathematics
Marcus Mason,Male,47,m.mason@randatmail.com,617-8704-47,2597,English Literature
Paul Thomas,Male,50,p.thomas@randatmail.com,381-0217-46,7479,History
Alisa Harrison,Female,46,a.harrison@randatmail.com,284-0922-38,8005,Mathematics
Gianna Harper,Female,44,g.harper@randatmail.com,451-6039-08,9940,Mathematics
Maria Cole,Female,48,m.cole@randatmail.com,285-7510-49,726,Mathematics
Maximilian Gray,Male,41,m.gray@randatmail.com,428-6194-58,9355,Science
Chelsea Cole,Female,44,c.cole@randatmail.com,864-6783-92,737,Mathematics
Eleanor Armstrong,Female,48,e.armstrong@randatmail.com,090-0696-75,1959,Geography
Sawyer Hall,Male,47,s.hall@randatmail.com,219-6103-99,3008,Science
Max Allen,Male,46,m.allen@randatmail.com,025-7055-05,5471,History
Chester Parker,Male,43,c.parker@randatmail.com,610-0323-82,5134,Mathematics
Sarah Johnston,Female,46,s.johnston@randatmail.com,762-1899-56,5349,English Language
Cherry Martin,Female,41,c.martin@randatmail.com,783-3671-95,9105,Science
Carlos Perry,Male,43,c.perry@randatmail.com,922-6794-36,8913,Science
Oliver Allen,Male,43,o.allen@randatmail.com,524-5503-22,4832,English Literature
Grace West,Female,48,g.west@randatmail.com,885-0212-74,7620,Science
Wilson Hawkins,Male,45,w.hawkins@randatmail.com,380-9268-18,3842,History
Stuart Russell,Male,49,s.russell@randatmail.com,337-5773-55,7581,Geography
Audrey Fowler,Female,47,a.fowler@randatmail.com,191-8105-75,2362,Geography
Daisy Turner,Female,47,d.turner@randatmail.com,531-1332-04,8959,History
Miley Baker,Female,46,m.baker@randatmail.com,984-2226-06,8270,Science
Tony Stewart,Male,47,t.stewart@randatmail.com,745-3843-93,5669,History
Honey Nelson,Female,49,h.nelson@randatmail.com,535-7246-06,9897,English Language
Chester Phillips,Male,40,c.phillips@randatmail.com,144-8363-06,8019,Science
Alissa Carroll,Female,42,a.carroll@randatmail.com,361-3998-83,9399,English Literature
Lana Lloyd,Female,50,l.lloyd@randatmail.com,715-3170-57,3790,English Literature
Rebecca Dixon,Female,48,r.dixon@randatmail.com,612-7469-36,805,Mathematics
Madaline Mitchell,Female,49,m.mitchell@randatmail.com,774-4168-74,4511,English Language
Aida Robinson,Female,44,a.robinson@randatmail.com,424-8576-35,7256,Mathematics
Carl Wells,Male,45,c.wells@randatmail.com,969-2420-03,6648,Geography
Rafael Wright,Male,49,r.wright@randatmail.com,009-7122-25,7180,Science
Fiona Cooper,Female,49,f.cooper@randatmail.com,804-9439-46,2838,English Literature
Alford Foster,Male,45,a.foster@randatmail.com,523-7133-61,8361,Science
Preston Roberts,Male,47,p.roberts@randatmail.com,007-2412-07,5544,English Language
Michael Miller,Male,46,m.miller@randatmail.com,194-0104-59,9218,Science
Justin Casey,Male,43,j.casey@randatmail.com,705-5175-20,7488,Geography
Julian Myers,Male,46,j.myers@randatmail.com,347-1967-49,1491,English Literature
Caroline Andrews,Female,45,c.andrews@randatmail.com,172-3419-79,7667,Science
Edgar Gray,Male,48,e.gray@randatmail.com,326-9305-08,4613,History
Reid Perry,Male,48,r.perry@randatmail.com,231-8787-29,6839,English Language
Sienna Turner,Female,42,s.turner@randatmail.com,864-7366-51,4470,History
Tara Dixon,Female,43,t.dixon@randatmail.com,590-7017-84,3502,Science
Charlie West,Male,40,c.west@randatmail.com,992-2429-85,4764,History
Victor Campbell,Male,45,v.campbell@randatmail.com,205-9766-07,5642,History
Brianna Kelly,Female,45,b.kelly@randatmail.com,937-8584-05,5624,Science
Frederick Cameron,Male,41,f.cameron@randatmail.com,503-5550-74,3329,Mathematics
Sophia Cole,Female,42,s.cole@randatmail.com,165-0397-28,7748,Geography
Sabrina Williams,Female,47,s.williams@randatmail.com,592-7797-88,8328,Mathematics
Alan Spencer,Male,46,a.spencer@randatmail.com,014-1223-47,8236,Science
Adrian Barrett,Male,44,a.barrett@randatmail.com,129-1411-79,6992,Geography
Amanda Hamilton,Female,40,a.hamilton@randatmail.com,306-4130-49,3003,Geography
Fenton Harper,Male,45,f.harper@randatmail.com,706-7671-81,6517,English Language
Kimberly Grant,Female,40,k.grant@randatmail.com,924-5785-68,1847,Mathematics
Edwin Morris,Male,49,e.morris@randatmail.com,972-3377-50,1790,Science
Lydia Roberts,Female,44,l.roberts@randatmail.com,034-6292-22,1709,Mathematics
Abigail Owens,Female,42,a.owens@randatmail.com,917-4682-02,3475,English Literature
Kirsten Elliott,Female,44,k.elliott@randatmail.com,989-2322-82,6660,Science
Haris Wright,Male,44,h.wright@randatmail.com,834-0381-78,3755,Mathematics
Adam Dixon,Male,50,a.dixon@randatmail.com,406-3031-38,4051,English Literature
Martin Johnston,Male,49,m.johnston@randatmail.com,900-5323-10,5954,English Literature
Emma Ellis,Female,44,e.ellis@randatmail.com,184-7865-15,9422,Geography
Darcy Barrett,Female,45,d.barrett@randatmail.com,370-0318-36,767,History
Jessica Owens,Female,48,j.owens@randatmail.com,229-8751-31,9035,Mathematics
Aston Harrison,Male,46,a.harrison@randatmail.com,918-3638-21,8905,Science
Evelyn Johnson,Female,49,e.johnson@randatmail.com,317-9811-69,8475,English Language
Jack Harper,Male,50,j.harper@randatmail.com,838-1684-24,2054,Geography
Ashton Wilson,Male,41,a.wilson@randatmail.com,235-9964-17,5197,Science
Samantha Johnson,Female,42,s.johnson@randatmail.com,943-1212-05,3126,English Literature
Carina Kelley,Female,45,c.kelley@randatmail.com,808-9090-27,6563,Geography
Fiona Higgins,Female,43,f.higgins@randatmail.com,591-4389-38,2103,English Language
Adrianna Casey,Female,44,a.casey@randatmail.com,316-4322-05,3017,Geography
Patrick Russell,Male,48,p.russell@randatmail.com,904-5300-21,5932,Science
Charlie Myers,Male,42,c.myers@randatmail.com,184-1652-40,7296,Geography
Blake Stevens,Male,44,b.stevens@randatmail.com,192-8733-75,1005,English Language
Lydia Davis,Female,42,l.davis@randatmail.com,442-0779-88,9086,Geography
Ryan Montgomery,Male,48,r.montgomery@randatmail.com,942-8197-81,7422,Science
Alexia Harrison,Female,48,a.harrison@randatmail.com,658-2568-21,8478,English Language
Ellia Walker,Female,47,e.walker@randatmail.com,988-6658-42,4401,History
Kimberly Hunt,Female,50,k.hunt@randatmail.com,996-9744-09,927,Mathematics
Naomi Davis,Female,45,n.davis@randatmail.com,976-5362-80,6030,English Language
Carina Richards,Female,50,c.richards@randatmail.com,379-7313-03,1222,History
Victor Johnson,Male,42,v.johnson@randatmail.com,817-6317-23,4677,English Language
Jordan Williams,Male,40,j.williams@randatmail.com,636-8330-30,8186,English Language
James Mason,Male,46,j.mason@randatmail.com,077-6794-52,4190,Mathematics
Kevin Thomas,Male,46,k.thomas@randatmail.com,706-8485-03,2268,History
Brianna Cunningham,Female,45,b.cunningham@randatmail.com,102-2907-35,1981,English Language
Andrew Brown,Male,46,a.brown@randatmail.com,718-3129-11,9305,Geography
Charlie Casey,Male,44,c.casey@randatmail.com,237-0880-71,8540,English Literature
Elise Turner,Female,42,e.turner@randatmail.com,454-9435-30,6854,English Language
Edwin Murphy,Male,47,e.murphy@randatmail.com,934-2420-14,1944,History
Honey Morris,Female,45,h.morris@randatmail.com,256-4106-92,1809,Science
Chelsea Mitchell,Female,45,c.mitchell@randatmail.com,608-6317-00,9514,English Language
Amy Craig,Female,41,a.craig@randatmail.com,272-1369-25,2287,Science
Blake Wright,Male,43,b.wright@randatmail.com,974-3853-87,2140,Mathematics
Adelaide Watson,Female,42,a.watson@randatmail.com,374-4112-17,2848,Mathematics
Naomi Richards,Female,40,n.richards@randatmail.com,514-4944-73,6603,English Literature
Adele Grant,Female,42,a.grant@randatmail.com,291-3604-46,2130,Mathematics
Julia Martin,Female,46,j.martin@randatmail.com,399-4676-84,7920,History
Thomas Nelson,Male,40,t.nelson@randatmail.com,458-9496-01,6837,English Literature
Michelle Myers,Female,42,m.myers@randatmail.com,906-0443-85,9460,Mathematics
Miller Roberts,Male,49,m.roberts@randatmail.com,468-4584-15,1575,Mathematics
Lucas Montgomery,Male,43,l.montgomery@randatmail.com,680-4506-45,3961,History
Aida Thomas,Female,47,a.thomas@randatmail.com,101-9871-34,547,Mathematics
Darcy Warren,Female,40,d.warren@randatmail.com,076-7213-51,9127,History
Tess Bennett,Female,46,t.bennett@randatmail.com,835-2381-03,7461,History
Emily Carroll,Female,49,e.carroll@randatmail.com,203-3528-70,4827,Geography
Miley Mason,Female,46,m.mason@randatmail.com,911-6178-49,6895,English Literature
Violet Montgomery,Female,46,v.montgomery@randatmail.com,773-0137-34,6795,History
William Watson,Male,42,w.watson@randatmail.com,810-3737-57,3436,History
Luke Cunningham,Male,49,l.cunningham@randatmail.com,465-1251-63,4604,Science
Samantha Martin,Female,46,s.martin@randatmail.com,955-2893-41,1072,Geography
Roland Gray,Male,44,r.gray@randatmail.com,996-9842-02,7661,English Language
Natalie Turner,Female,48,n.turner@randatmail.com,342-8193-01,5114,History
Belinda Martin,Female,46,b.martin@randatmail.com,744-2118-34,4084,Geography
Chester Henderson,Male,43,c.henderson@randatmail.com,967-8912-77,578,History
Henry Cameron,Male,41,h.cameron@randatmail.com,797-2118-27,6838,Science
Jordan Holmes,Male,42,j.holmes@randatmail.com,405-3266-13,5119,Science
Preston Lloyd,Male,42,p.lloyd@randatmail.com,384-5256-00,4577,English Language
Nicholas Reed,Male,49,n.reed@randatmail.com,676-4699-81,3317,English Language
Connie Morgan,Female,50,c.morgan@randatmail.com,648-1409-52,5806,History
Henry Casey,Male,50,h.casey@randatmail.com,616-1452-96,3154,Mathematics
Kellan Moore,Male,41,k.moore@randatmail.com,749-9252-28,6605,Geography
Audrey Stevens,Female,43,a.stevens@randatmail.com,667-9524-86,1782,English Language
Eddy Bailey,Male,44,e.bailey@randatmail.com,304-3945-34,1576,English Language
Myra Hunt,Female,50,m.hunt@randatmail.com,925-8233-11,8290,English Literature
Freddie Scott,Male,44,f.scott@randatmail.com,680-0874-63,1564,English Literature
Abraham Carter,Male,49,a.carter@randatmail.com,003-0621-62,1454,English Language
Alisa Nelson,Female,41,a.nelson@randatmail.com,005-8574-74,5394,English Literature
Garry Miller,Male,48,g.miller@randatmail.com,148-1139-37,9354,Geography
Patrick Hamilton,Male,45,p.hamilton@randatmail.com,094-1259-68,6840,Geography
Dale Russell,Male,48,d.russell@randatmail.com,352-6734-70,6235,Geography
Antony Armstrong,Male,46,a.armstrong@randatmail.com,577-5937-26,7275,English Language
Lana Owens,Female,41,l.owens@randatmail.com,804-8170-72,9857,Science
Isabella Cameron,Female,43,i.cameron@randatmail.com,475-5585-10,4780,Science
Tara Riley,Female,41,t.riley@randatmail.com,606-0164-74,3620,Geography
Heather Anderson,Female,41,h.anderson@randatmail.com,981-5212-90,588,English Literature
Roman Hall,Male,41,r.hall@randatmail.com,244-2835-32,6788,Mathematics
Annabella Holmes,Female,44,a.holmes@randatmail.com,329-9650-62,4417,History
Melanie Allen,Female,47,m.allen@randatmail.com,853-2576-45,1124,Science
Jasmine Reed,Female,47,j.reed@randatmail.com,783-0021-97,3635,English Language
Carlos Jones,Male,46,c.jones@randatmail.com,565-5478-29,8296,English Literature
Tyler Davis,Male,48,t.davis@randatmail.com,598-0878-08,2102,Science
Michael Moore,Male,46,m.moore@randatmail.com,869-8887-31,6424,Mathematics
Alina Wright,Female,50,a.wright@randatmail.com,030-8638-81,2677,Mathematics
Thomas Rogers,Male,44,t.rogers@randatmail.com,015-6557-14,7273,Mathematics
Evelyn Edwards,Female,42,e.edwards@randatmail.com,551-1334-82,3637,English Language
Amanda Richards,Female,48,a.richards@randatmail.com,311-5539-09,5605,Geography
Annabella Morris,Female,45,a.morris@randatmail.com,279-4996-38,3093,Science
Patrick Miller,Male,46,p.miller@randatmail.com,227-2728-15,2186,History
Jacob Mitchell,Male,50,j.mitchell@randatmail.com,460-6340-63,682,Mathematics
Maddie Holmes,Female,48,m.holmes@randatmail.com,010-4946-06,6136,Science
Max Walker,Male,46,m.walker@randatmail.com,851-0905-21,4577,Geography
Hailey Hawkins,Female,40,h.hawkins@randatmail.com,935-5073-52,937,History
Brianna Foster,Female,40,b.foster@randatmail.com,052-9249-39,8632,English Language
Gianna Ryan,Female,47,g.ryan@randatmail.com,764-7739-48,2072,Geography
Abigail Kelley,Female,45,a.kelley@randatmail.com,829-7700-11,7591,History
Honey Holmes,Female,44,h.holmes@randatmail.com,841-5609-29,8516,English Literature
Thomas Brown,Male,44,t.brown@randatmail.com,976-7633-60,652,Mathematics
Byron Russell,Male,41,b.russell@randatmail.com,481-9713-21,3664,Geography
Rafael Howard,Male,46,r.howard@randatmail.com,545-6068-51,587,English Language
Walter Watson,Male,46,w.watson@randatmail.com,401-4326-11,8610,English Language
Adrian Holmes,Male,45,a.holmes@randatmail.com,014-9014-55,942,English Language
Kellan Armstrong,Male,50,k.armstrong@randatmail.com,588-3779-78,5618,Geography
Edith Tucker,Female,45,e.tucker@randatmail.com,511-6174-73,5913,Geography
Fiona Hill,Female,43,f.hill@randatmail.com,777-6217-82,3112,English Language
Alisa Lloyd,Female,48,a.lloyd@randatmail.com,656-5853-26,3992,Science
Ashton Turner,Male,50,a.turner@randatmail.com,524-5491-59,5379,Science
Alford Owens,Male,44,a.owens@randatmail.com,810-0157-41,2556,Science
